"Viewer Version","2.91"
"COM HW Type","RS485/USB Sensor Cable"
"COM HW Config","Config String: COM6, 115200, ECHOOFF"
"Sensor Cable Version","1.8"
"Product Type","Liquid Flow Sensor (SF06 Chip)"
"Product COM Protocol Config","SHDLC Device Address: 0"
"Product ID","0x03010101"
"Sensor Serial","0000313239354A51"
"I2C Address","33"
"Supply Voltage","3.5 V"
"Command Address","0x3608"
"Sampling Time [ms]","5"
"Scale Factor Flow lin.","60"
"Scale Factor Temp lin.","200"
"Scale Factor Custom","1"
"Sample #","Relative Time[s]","Flow linearized [Pa]","Temperature linearized [deg C]","Custom []"
"468807","2,342.9586","44.533","31.825","60.000"
"468808","2,342.9632","43.467","31.805","60.000"
"468809","2,342.9677","43.217","31.805","60.000"
"468810","2,342.9722","42.683","31.815","60.000"
"468811","2,342.9768","45.517","31.785","60.000"
"468812","2,342.9813","44.667","31.780","60.000"
"468813","2,342.9859","42.883","31.780","60.000"
"468814","2,342.9939","44.000","31.790","60.000"
"468815","2,343.0020","44.933","31.825","60.000"
"468816","2,343.0060","47.633","31.825","60.000"
"468817","2,343.0100","45.083","31.780","60.000"
"468818","2,343.0141","43.183","31.795","60.000"
"468819","2,343.0181","42.483","31.775","60.000"
"468820","2,343.0233","46.833","31.775","60.000"
"468821","2,343.0285","46.683","31.795","60.000"
"468822","2,343.0338","45.167","31.805","60.000"
"468823","2,343.0383","45.267","31.805","60.000"
"468824","2,343.0429","49.333","31.785","60.000"
"468825","2,343.0475","43.167","31.835","60.000"
"468826","2,343.0520","42.917","31.835","60.000"
"468827","2,343.0566","41.617","31.785","60.000"
"468828","2,343.0611","44.283","31.805","60.000"
"468829","2,343.0657","44.700","31.815","60.000"
"468830","2,343.0739","44.650","31.815","60.000"
"468831","2,343.0821","46.433","31.785","60.000"
"468832","2,343.0861","43.967","31.795","60.000"
"468833","2,343.0901","46.400","31.795","60.000"
"468834","2,343.0940","45.217","31.805","60.000"
"468835","2,343.0980","45.267","31.795","60.000"
"468836","2,343.1033","45.650","31.785","60.000"
"468837","2,343.1086","45.583","31.785","60.000"
"468838","2,343.1139","42.017","31.800","60.000"
"468839","2,343.1184","43.283","31.800","60.000"
"468840","2,343.1229","41.633","31.800","60.000"
"468841","2,343.1275","41.617","31.790","60.000"
"468842","2,343.1320","44.867","31.805","60.000"
"468843","2,343.1366","44.750","31.805","60.000"
"468844","2,343.1411","43.100","31.780","60.000"
"468845","2,343.1457","46.333","31.805","60.000"
"468846","2,343.1537","44.583","31.820","60.000"
"468847","2,343.1617","42.600","31.820","60.000"
"468848","2,343.1657","42.533","31.825","60.000"
"468849","2,343.1698","45.883","31.775","60.000"
"468850","2,343.1738","43.233","31.775","60.000"
"468851","2,343.1779","44.967","31.790","60.000"
"468852","2,343.1833","42.617","31.805","60.000"
"468853","2,343.1886","42.250","31.785","60.000"
"468854","2,343.1940","41.050","31.785","60.000"
"468855","2,343.1997","45.183","31.790","60.000"
"468856","2,343.2054","42.967","31.805","60.000"
"468857","2,343.2112","42.600","31.805","60.000"
"468858","2,343.2169","43.833","31.785","60.000"
"468859","2,343.2227","42.233","31.775","60.000"
"468860","2,343.2284","43.717","31.805","60.000"
"468861","2,343.2341","43.350","31.805","60.000"
"468862","2,343.2399","43.983","31.770","60.000"
"468863","2,343.2439","43.333","31.805","60.000"
"468864","2,343.2479","43.450","31.805","60.000"
"468865","2,343.2519","43.683","31.770","60.000"
"468866","2,343.2559","46.317","31.775","60.000"
"468867","2,343.2598","45.583","31.775","60.000"
"468868","2,343.2637","42.483","31.805","60.000"
"468869","2,343.2676","46.017","31.780","60.000"
"468870","2,343.2715","45.867","31.810","60.000"
"468871","2,343.2768","45.267","31.810","60.000"
"468872","2,343.2822","45.433","31.810","60.000"
"468873","2,343.2875","42.517","31.790","60.000"
"468874","2,343.2928","41.133","31.790","60.000"
"468875","2,343.2981","39.400","31.800","60.000"
"468876","2,343.3034","43.083","31.795","60.000"
"468877","2,343.3089","43.567","31.805","60.000"
"468878","2,343.3144","43.650","31.805","60.000"
"468879","2,343.3198","44.950","31.785","60.000"
"468880","2,343.3251","47.033","31.805","60.000"
"468881","2,343.3303","46.450","31.805","60.000"
"468882","2,343.3356","45.600","31.770","60.000"
"468883","2,343.3409","42.733","31.790","60.000"
"468884","2,343.3463","45.167","31.790","60.000"
"468885","2,343.3516","43.333","31.800","60.000"
"468886","2,343.3562","41.550","31.785","60.000"
"468887","2,343.3607","44.317","31.780","60.000"
"468888","2,343.3652","39.833","31.780","60.000"
"468889","2,343.3698","41.417","31.805","60.000"
"468890","2,343.3743","42.367","31.755","60.000"
"468891","2,343.3788","45.100","31.755","60.000"
"468892","2,343.3834","47.067","31.800","60.000"
"468893","2,343.3888","42.150","31.805","60.000"
"468894","2,343.3943","43.033","31.805","60.000"
"468895","2,343.3997","43.217","31.805","60.000"
"468896","2,343.4050","44.633","31.775","60.000"
"468897","2,343.4104","44.583","31.770","60.000"
"468898","2,343.4157","41.167","31.770","60.000"
"468899","2,343.4196","46.383","31.820","60.000"
"468900","2,343.4236","42.300","31.770","60.000"
"468901","2,343.4276","44.467","31.770","60.000"
"468902","2,343.4315","40.967","31.800","60.000"
"468903","2,343.4361","40.900","31.820","60.000"
"468904","2,343.4406","44.417","31.815","60.000"
"468905","2,343.4452","45.333","31.815","60.000"
"468906","2,343.4497","45.350","31.825","60.000"
"468907","2,343.4543","41.467","31.780","60.000"
"468908","2,343.4588","42.800","31.780","60.000"
"468909","2,343.4634","41.283","31.795","60.000"
"468910","2,343.4715","42.067","31.805","60.000"
"468911","2,343.4796","44.417","31.730","60.000"
"468912","2,343.4849","44.350","31.730","60.000"
"468913","2,343.4903","44.950","31.780","60.000"
"468914","2,343.4956","44.817","31.800","60.000"
"468915","2,343.4996","41.050","31.800","60.000"
"468916","2,343.5036","40.700","31.815","60.000"
"468917","2,343.5076","45.083","31.820","60.000"
"468918","2,343.5116","44.933","31.795","60.000"
"468919","2,343.5161","46.300","31.795","60.000"
"468920","2,343.5206","43.083","31.790","60.000"
"468921","2,343.5252","44.117","31.800","60.000"
"468922","2,343.5297","45.767","31.800","60.000"
"468923","2,343.5342","45.067","31.800","60.000"
"468924","2,343.5387","42.917","31.785","60.000"
"468925","2,343.5433","43.233","31.785","60.000"
"468926","2,343.5512","41.467","31.805","60.000"
"468927","2,343.5592","44.217","31.785","60.000"
"468928","2,343.5646","46.450","31.775","60.000"
"468929","2,343.5700","43.650","31.775","60.000"
"468930","2,343.5754","44.017","31.805","60.000"
"468931","2,343.5807","42.083","31.785","60.000"
"468932","2,343.5860","41.133","31.785","60.000"
"468933","2,343.5913","41.933","31.795","60.000"
"468934","2,343.5959","42.400","31.790","60.000"
"468935","2,343.6004","44.217","31.770","60.000"
"468936","2,343.6050","47.150","31.770","60.000"
"468937","2,343.6095","42.800","31.780","60.000"
"468938","2,343.6141","45.933","31.800","60.000"
"468939","2,343.6186","44.400","31.800","60.000"
"468940","2,343.6231","44.883","31.825","60.000"
"468941","2,343.6285","45.133","31.775","60.000"
"468942","2,343.6339","43.750","31.775","60.000"
"468943","2,343.6393","41.833","31.810","60.000"
"468944","2,343.6446","43.817","31.775","60.000"
"468945","2,343.6498","41.900","31.760","60.000"
"468946","2,343.6551","42.117","31.760","60.000"
"468947","2,343.6604","45.783","31.805","60.000"
"468948","2,343.6658","46.333","31.785","60.000"
"468949","2,343.6712","43.533","31.785","60.000"
"468950","2,343.6757","45.050","31.770","60.000"
"468951","2,343.6803","43.183","31.825","60.000"
"468952","2,343.6848","42.850","31.785","60.000"
"468953","2,343.6894","40.017","31.785","60.000"
"468954","2,343.6939","41.717","31.775","60.000"
"468955","2,343.6985","40.850","31.785","60.000"
"468956","2,343.7030","42.717","31.785","60.000"
"468957","2,343.7085","43.883","31.780","60.000"
"468958","2,343.7139","42.983","31.775","60.000"
"468959","2,343.7194","43.433","31.785","60.000"
"468960","2,343.7246","44.267","31.785","60.000"
"468961","2,343.7299","40.750","31.780","60.000"
"468962","2,343.7352","40.933","31.780","60.000"
"468963","2,343.7392","40.600","31.780","60.000"
"468964","2,343.7432","39.800","31.795","60.000"
"468965","2,343.7472","41.600","31.800","60.000"
"468966","2,343.7512","38.733","31.800","60.000"
"468967","2,343.7557","39.733","31.785","60.000"
"468968","2,343.7602","42.983","31.805","60.000"
"468969","2,343.7648","44.433","31.785","60.000"
"468970","2,343.7693","46.667","31.785","60.000"
"468971","2,343.7738","44.400","31.785","60.000"
"468972","2,343.7783","43.400","31.785","60.000"
"468973","2,343.7829","42.633","31.785","60.000"
"468974","2,343.7910","42.033","31.780","60.000"
"468975","2,343.7992","42.067","31.790","60.000"
"468976","2,343.8045","42.500","31.795","60.000"
"468977","2,343.8098","41.317","31.795","60.000"
"468978","2,343.8151","44.717","31.770","60.000"
"468979","2,343.8191","42.367","31.770","60.000"
"468980","2,343.8230","43.767","31.770","60.000"
"468981","2,343.8270","46.300","31.785","60.000"
"468982","2,343.8310","40.317","31.780","60.000"
"468983","2,343.8363","43.333","31.780","60.000"
"468984","2,343.8416","43.533","31.740","60.000"
"468985","2,343.8469","42.467","31.780","60.000"
"468986","2,343.8522","42.217","31.785","60.000"
"468987","2,343.8575","41.117","31.785","60.000"
"468988","2,343.8628","43.833","31.775","60.000"
"468989","2,343.8682","43.117","31.775","60.000"
"468990","2,343.8737","41.933","31.775","60.000"
"468991","2,343.8791","44.650","31.780","60.000"
"468992","2,343.8844","40.833","31.805","60.000"
"468993","2,343.8898","43.233","31.770","60.000"
"468994","2,343.8951","40.767","31.770","60.000"
"468995","2,343.8991","41.450","31.740","60.000"
"468996","2,343.9030","45.017","31.795","60.000"
"468997","2,343.9070","42.683","31.795","60.000"
"468998","2,343.9109","43.733","31.785","60.000"
"468999","2,343.9155","44.117","31.785","60.000"
"469000","2,343.9201","43.150","31.785","60.000"
"469001","2,343.9247","43.183","31.805","60.000"
"469002","2,343.9293","41.100","31.770","60.000"
"469003","2,343.9339","42.200","31.785","60.000"
"469004","2,343.9384","44.350","31.785","60.000"
"469005","2,343.9430","43.317","31.790","60.000"
"469006","2,343.9510","43.350","31.765","60.000"
"469007","2,343.9590","43.233","31.765","60.000"
"469008","2,343.9643","43.633","31.775","60.000"
"469009","2,343.9697","43.133","31.765","60.000"
"469010","2,343.9750","44.633","31.805","60.000"
"469011","2,343.9789","46.150","31.805","60.000"
"469012","2,343.9828","42.767","31.805","60.000"
"469013","2,343.9867","42.967","31.785","60.000"
"469014","2,343.9905","44.233","31.785","60.000"
"469015","2,343.9959","46.683","31.785","60.000"
"469016","2,344.0012","42.583","31.790","60.000"
"469017","2,344.0066","43.117","31.775","60.000"
"469018","2,344.0119","42.183","31.775","60.000"
"469019","2,344.0173","43.683","31.795","60.000"
"469020","2,344.0226","43.950","31.765","60.000"
"469021","2,344.0279","38.550","31.765","60.000"
"469022","2,344.0332","41.233","31.750","60.000"
"469023","2,344.0386","40.650","31.780","60.000"
"469024","2,344.0439","42.000","31.780","60.000"
"469025","2,344.0492","42.150","31.795","60.000"
"469026","2,344.0545","43.450","31.815","60.000"
"469027","2,344.0599","44.033","31.780","60.000"
"469028","2,344.0652","41.900","31.780","60.000"
"469029","2,344.0705","44.483","31.775","60.000"
"469030","2,344.0751","43.250","31.780","60.000"
"469031","2,344.0797","42.100","31.780","60.000"
"469032","2,344.0843","44.817","31.805","60.000"
"469033","2,344.0888","44.150","31.815","60.000"
"469034","2,344.0934","46.783","31.755","60.000"
"469035","2,344.0980","42.233","31.755","60.000"
"469036","2,344.1025","39.517","31.770","60.000"
"469037","2,344.1080","45.367","31.795","60.000"
"469038","2,344.1134","44.367","31.795","60.000"
"469039","2,344.1189","41.367","31.745","60.000"
"469040","2,344.1242","43.650","31.800","60.000"
"469041","2,344.1295","41.700","31.800","60.000"
"469042","2,344.1347","44.933","31.765","60.000"
"469043","2,344.1387","43.133","31.775","60.000"
"469044","2,344.1427","43.067","31.795","60.000"
"469045","2,344.1467","45.550","31.795","60.000"
"469046","2,344.1506","40.717","31.775","60.000"
"469047","2,344.1559","40.600","31.770","60.000"
"469048","2,344.1612","42.567","31.770","60.000"
"469049","2,344.1665","42.333","31.805","60.000"
"469050","2,344.1718","45.333","31.790","60.000"
"469051","2,344.1771","43.183","31.770","60.000"
"469052","2,344.1824","43.083","31.770","60.000"
"469053","2,344.1879","44.933","31.770","60.000"
"469054","2,344.1934","41.750","31.805","60.000"
"469055","2,344.1989","39.867","31.805","60.000"
"469056","2,344.2042","42.650","31.785","60.000"
"469057","2,344.2095","39.150","31.770","60.000"
"469058","2,344.2148","42.750","31.780","60.000"
"469059","2,344.2187","38.783","31.780","60.000"
"469060","2,344.2226","39.433","31.760","60.000"
"469061","2,344.2265","43.450","31.805","60.000"
"469062","2,344.2304","45.867","31.805","60.000"
"469063","2,344.2357","43.817","31.835","60.000"
"469064","2,344.2410","38.617","31.770","60.000"
"469065","2,344.2463","44.950","31.770","60.000"
"469066","2,344.2517","41.500","31.780","60.000"
"469067","2,344.2570","43.467","31.805","60.000"
"469068","2,344.2623","42.467","31.760","60.000"
"469069","2,344.2678","43.317","31.760","60.000"
"469070","2,344.2732","44.150","31.780","60.000"
"469071","2,344.2786","47.200","31.770","60.000"
"469072","2,344.2840","45.183","31.770","60.000"
"469073","2,344.2893","41.783","31.755","60.000"
"469074","2,344.2947","42.183","31.800","60.000"
"469075","2,344.2986","41.900","31.785","60.000"
"469076","2,344.3026","42.883","31.785","60.000"
"469077","2,344.3065","44.350","31.785","60.000"
"469078","2,344.3105","45.883","31.755","60.000"
"469079","2,344.3158","44.017","31.755","60.000"
"469080","2,344.3211","43.767","31.805","60.000"
"469081","2,344.3264","43.200","31.770","60.000"
"469082","2,344.3317","43.733","31.770","60.000"
"469083","2,344.3370","41.733","31.820","60.000"
"469084","2,344.3423","43.933","31.755","60.000"
"469085","2,344.3477","43.583","31.800","60.000"
"469086","2,344.3532","43.000","31.800","60.000"
"469087","2,344.3586","39.150","31.805","60.000"
"469088","2,344.3639","39.267","31.775","60.000"
"469089","2,344.3692","47.100","31.775","60.000"
"469090","2,344.3746","44.283","31.780","60.000"
"469091","2,344.3785","45.833","31.770","60.000"
"469092","2,344.3824","46.200","31.800","60.000"
"469093","2,344.3864","45.883","31.800","60.000"
"469094","2,344.3903","43.183","31.780","60.000"
"469095","2,344.3956","43.967","31.785","60.000"
"469096","2,344.4009","43.633","31.785","60.000"
"469097","2,344.4062","44.467","31.770","60.000"
"469098","2,344.4115","44.750","31.785","60.000"
"469099","2,344.4168","43.317","31.785","60.000"
"469100","2,344.4221","44.500","31.785","60.000"
"469101","2,344.4276","45.017","31.765","60.000"
"469102","2,344.4330","42.350","31.795","60.000"
"469103","2,344.4384","40.883","31.795","60.000"
"469104","2,344.4438","44.000","31.730","60.000"
"469105","2,344.4491","42.867","31.775","60.000"
"469106","2,344.4544","42.433","31.775","60.000"
"469107","2,344.4597","41.150","31.765","60.000"
"469108","2,344.4650","43.450","31.785","60.000"
"469109","2,344.4702","40.600","31.785","60.000"
"469110","2,344.4758","39.583","31.785","60.000"
"469111","2,344.4813","41.217","31.805","60.000"
"469112","2,344.4868","41.383","31.770","60.000"
"469113","2,344.4923","43.800","31.770","60.000"
"469114","2,344.4978","46.750","31.770","60.000"
"469115","2,344.5033","43.350","31.730","60.000"
"469116","2,344.5088","42.583","31.770","60.000"
"469117","2,344.5143","38.833","31.770","60.000"
"469118","2,344.5183","42.650","31.765","60.000"
"469119","2,344.5223","42.283","31.755","60.000"
"469120","2,344.5263","43.717","31.755","60.000"
"469121","2,344.5303","42.667","31.805","60.000"
"469122","2,344.5343","44.867","31.765","60.000"
"469123","2,344.5383","42.550","31.765","60.000"
"469124","2,344.5423","42.233","31.770","60.000"
"469125","2,344.5463","37.200","31.775","60.000"
"469126","2,344.5516","41.733","31.785","60.000"
"469127","2,344.5569","43.200","31.785","60.000"
"469128","2,344.5621","37.333","31.775","60.000"
"469129","2,344.5674","38.683","31.755","60.000"
"469130","2,344.5727","43.383","31.755","60.000"
"469131","2,344.5780","44.117","31.775","60.000"
"469132","2,344.5834","43.900","31.795","60.000"
"469133","2,344.5888","44.917","31.780","60.000"
"469134","2,344.5942","44.817","31.780","60.000"
"469135","2,344.5996","47.600","31.760","60.000"
"469136","2,344.6049","46.550","31.780","60.000"
"469137","2,344.6102","46.150","31.780","60.000"
"469138","2,344.6142","45.900","31.750","60.000"
"469139","2,344.6181","45.933","31.790","60.000"
"469140","2,344.6221","43.950","31.770","60.000"
"469141","2,344.6260","42.333","31.770","60.000"
"469142","2,344.6306","43.817","31.790","60.000"
"469143","2,344.6351","42.000","31.775","60.000"
"469144","2,344.6397","43.567","31.775","60.000"
"469145","2,344.6442","43.983","31.760","60.000"
"469146","2,344.6488","47.633","31.765","60.000"
"469147","2,344.6533","45.450","31.765","60.000"
"469148","2,344.6579","43.483","31.760","60.000"
"469149","2,344.6660","47.333","31.775","60.000"
"469150","2,344.6742","42.900","31.750","60.000"
"469151","2,344.6795","45.950","31.750","60.000"
"469152","2,344.6848","45.850","31.750","60.000"
"469153","2,344.6901","44.350","31.770","60.000"
"469154","2,344.6941","45.917","31.770","60.000"
"469155","2,344.6981","46.750","31.760","60.000"
"469156","2,344.7020","44.483","31.755","60.000"
"469157","2,344.7060","42.633","31.770","60.000"
"469158","2,344.7105","44.150","31.770","60.000"
"469159","2,344.7151","47.000","31.795","60.000"
"469160","2,344.7196","45.017","31.750","60.000"
"469161","2,344.7241","44.317","31.750","60.000"
"469162","2,344.7287","45.033","31.765","60.000"
"469163","2,344.7332","48.017","31.785","60.000"
"469164","2,344.7378","44.400","31.785","60.000"
"469165","2,344.7459","44.683","31.785","60.000"
"469166","2,344.7540","46.633","31.780","60.000"
"469167","2,344.7594","42.150","31.755","60.000"
"469168","2,344.7647","42.833","31.755","60.000"
"469169","2,344.7700","40.767","31.815","60.000"
"469170","2,344.7740","45.150","31.755","60.000"
"469171","2,344.7779","42.017","31.755","60.000"
"469172","2,344.7819","40.867","31.745","60.000"
"469173","2,344.7858","45.467","31.770","60.000"
"469174","2,344.7904","42.300","31.760","60.000"
"469175","2,344.7949","43.300","31.760","60.000"
"469176","2,344.7995","44.600","31.775","60.000"
"469177","2,344.8040","42.633","31.795","60.000"
"469178","2,344.8086","42.200","31.795","60.000"
"469179","2,344.8131","43.600","31.765","60.000"
"469180","2,344.8177","40.067","31.770","60.000"
"469181","2,344.8257","43.033","31.770","60.000"
"469182","2,344.8337","42.667","31.785","60.000"
"469183","2,344.8390","42.883","31.760","60.000"
"469184","2,344.8443","40.750","31.765","60.000"
"469185","2,344.8496","41.350","31.765","60.000"
"469186","2,344.8536","41.617","31.765","60.000"
"469187","2,344.8577","42.583","31.770","60.000"
"469188","2,344.8617","42.750","31.770","60.000"
"469189","2,344.8657","50.083","31.790","60.000"
"469190","2,344.8703","47.700","31.770","60.000"
"469191","2,344.8748","41.817","31.750","60.000"
"469192","2,344.8794","42.267","31.750","60.000"
"469193","2,344.8839","40.183","31.785","60.000"
"469194","2,344.8885","42.767","31.765","60.000"
"469195","2,344.8930","43.117","31.765","60.000"
"469196","2,344.8976","40.800","31.765","60.000"
"469197","2,344.9057","42.817","31.750","60.000"
"469198","2,344.9138","41.117","31.770","60.000"
"469199","2,344.9192","44.017","31.770","60.000"
"469200","2,344.9245","45.567","31.730","60.000"
"469201","2,344.9298","44.150","31.735","60.000"
"469202","2,344.9338","43.767","31.735","60.000"
"469203","2,344.9378","41.483","31.760","60.000"
"469204","2,344.9418","45.150","31.765","60.000"
"469205","2,344.9458","44.600","31.765","60.000"
"469206","2,344.9503","45.050","31.770","60.000"
"469207","2,344.9548","44.550","31.760","60.000"
"469208","2,344.9593","46.217","31.750","60.000"
"469209","2,344.9639","42.383","31.750","60.000"
"469210","2,344.9684","42.300","31.785","60.000"
"469211","2,344.9729","40.717","31.775","60.000"
"469212","2,344.9774","44.300","31.775","60.000"
"469213","2,344.9856","43.983","31.765","60.000"
"469214","2,344.9937","47.167","31.780","60.000"
"469215","2,344.9990","43.083","31.790","60.000"
"469216","2,345.0044","41.750","31.790","60.000"
"469217","2,345.0097","44.867","31.770","60.000"
"469218","2,345.0137","43.600","31.785","60.000"
"469219","2,345.0176","41.783","31.785","60.000"
"469220","2,345.0216","40.967","31.805","60.000"
"469221","2,345.0255","43.067","31.780","60.000"
"469222","2,345.0301","43.517","31.780","60.000"
"469223","2,345.0346","44.083","31.770","60.000"
"469224","2,345.0391","38.850","31.770","60.000"
"469225","2,345.0437","43.017","31.745","60.000"
"469226","2,345.0482","46.333","31.745","60.000"
"469227","2,345.0528","43.717","31.760","60.000"
"469228","2,345.0573","41.150","31.735","60.000"
"469229","2,345.0654","44.717","31.735","60.000"
"469230","2,345.0734","44.133","31.720","60.000"
"469231","2,345.0788","42.367","31.715","60.000"
"469232","2,345.0841","41.500","31.785","60.000"
"469233","2,345.0894","42.100","31.785","60.000"
"469234","2,345.0934","42.100","31.770","60.000"
"469235","2,345.0974","42.467","31.750","60.000"
"469236","2,345.1014","44.217","31.750","60.000"
"469237","2,345.1054","44.450","31.785","60.000"
"469238","2,345.1100","42.417","31.755","60.000"
"469239","2,345.1145","44.567","31.790","60.000"
"469240","2,345.1191","44.300","31.790","60.000"
"469241","2,345.1236","44.083","31.750","60.000"
"469242","2,345.1282","45.633","31.765","60.000"
"469243","2,345.1327","43.833","31.765","60.000"
"469244","2,345.1373","45.683","31.765","60.000"
"469245","2,345.1454","41.567","31.780","60.000"
"469246","2,345.1535","41.950","31.780","60.000"
"469247","2,345.1588","45.533","31.755","60.000"
"469248","2,345.1642","44.583","31.770","60.000"
"469249","2,345.1695","44.367","31.795","60.000"
"469250","2,345.1735","42.950","31.795","60.000"
"469251","2,345.1774","43.633","31.705","60.000"
"469252","2,345.1814","41.750","31.775","60.000"
"469253","2,345.1853","43.067","31.775","60.000"
"469254","2,345.1898","42.250","31.750","60.000"
"469255","2,345.1944","44.450","31.735","60.000"
"469256","2,345.1989","40.883","31.770","60.000"
"469257","2,345.2035","41.617","31.770","60.000"
"469258","2,345.2080","41.150","31.770","60.000"
"469259","2,345.2126","41.417","31.750","60.000"
"469260","2,345.2171","43.767","31.750","60.000"
"469261","2,345.2251","43.200","31.770","60.000"
"469262","2,345.2331","44.567","31.800","60.000"
"469263","2,345.2384","45.183","31.800","60.000"
"469264","2,345.2437","44.900","31.770","60.000"
"469265","2,345.2491","45.450","31.745","60.000"
"469266","2,345.2532","47.000","31.785","60.000"
"469267","2,345.2572","47.083","31.785","60.000"
"469268","2,345.2613","45.883","31.760","60.000"
"469269","2,345.2654","45.950","31.790","60.000"
"469270","2,345.2699","44.183","31.790","60.000"
"469271","2,345.2744","47.267","31.770","60.000"
"469272","2,345.2790","43.400","31.770","60.000"
"469273","2,345.2835","42.967","31.765","60.000"
"469274","2,345.2880","41.683","31.765","60.000"
"469275","2,345.2925","43.450","31.765","60.000"
"469276","2,345.2970","40.667","31.755","60.000"
"469277","2,345.3052","37.883","31.755","60.000"
"469278","2,345.3133","42.350","31.785","60.000"
"469279","2,345.3186","43.717","31.750","60.000"
"469280","2,345.3240","46.717","31.730","60.000"
"469281","2,345.3293","46.400","31.730","60.000"
"469282","2,345.3333","45.867","31.790","60.000"
"469283","2,345.3373","44.350","31.775","60.000"
"469284","2,345.3413","43.383","31.775","60.000"
"469285","2,345.3453","41.817","31.745","60.000"
"469286","2,345.3498","40.150","31.750","60.000"
"469287","2,345.3543","43.650","31.750","60.000"
"469288","2,345.3588","43.750","31.790","60.000"
"469289","2,345.3634","44.467","31.730","60.000"
"469290","2,345.3679","43.883","31.745","60.000"
"469291","2,345.3724","45.550","31.745","60.000"
"469292","2,345.3769","43.183","31.750","60.000"
"469293","2,345.3851","44.700","31.765","60.000"
"469294","2,345.3932","46.000","31.765","60.000"
"469295","2,345.3985","43.250","31.770","60.000"
"469296","2,345.4039","45.867","31.815","60.000"
"469297","2,345.4092","42.533","31.770","60.000"
"469298","2,345.4132","44.033","31.770","60.000"
"469299","2,345.4172","44.550","31.750","60.000"
"469300","2,345.4212","43.567","31.770","60.000"
"469301","2,345.4252","47.350","31.770","60.000"
"469302","2,345.4297","41.100","31.730","60.000"
"469303","2,345.4342","40.683","31.755","60.000"
"469304","2,345.4387","42.917","31.755","60.000"
"469305","2,345.4432","41.100","31.770","60.000"
"469306","2,345.4478","44.383","31.760","60.000"
"469307","2,345.4523","44.833","31.745","60.000"
"469308","2,345.4568","41.700","31.745","60.000"
"469309","2,345.4649","46.150","31.765","60.000"
"469310","2,345.4731","43.767","31.740","60.000"
"469311","2,345.4784","45.333","31.740","60.000"
"469312","2,345.4837","42.933","31.730","60.000"
"469313","2,345.4890","41.133","31.770","60.000"
"469314","2,345.4930","44.083","31.770","60.000"
"469315","2,345.4970","39.000","31.770","60.000"
"469316","2,345.5010","41.917","31.770","60.000"
"469317","2,345.5049","43.200","31.740","60.000"
"469318","2,345.5095","42.050","31.740","60.000"
"469319","2,345.5140","42.600","31.775","60.000"
"469320","2,345.5185","44.650","31.770","60.000"
"469321","2,345.5231","43.883","31.745","60.000"
"469322","2,345.5276","44.000","31.745","60.000"
"469323","2,345.5321","42.583","31.760","60.000"
"469324","2,345.5367","41.717","31.755","60.000"
"469325","2,345.5448","41.500","31.755","60.000"
"469326","2,345.5530","42.567","31.780","60.000"
"469327","2,345.5582","47.817","31.770","60.000"
"469328","2,345.5635","47.367","31.770","60.000"
"469329","2,345.5688","42.000","31.770","60.000"
"469330","2,345.5728","44.267","31.790","60.000"
"469331","2,345.5768","43.950","31.775","60.000"
"469332","2,345.5808","46.200","31.775","60.000"
"469333","2,345.5848","41.883","31.740","60.000"
"469334","2,345.5901","44.517","31.750","60.000"
"469335","2,345.5954","44.500","31.750","60.000"
"469336","2,345.6007","45.383","31.745","60.000"
"469337","2,345.6060","45.200","31.780","60.000"
"469338","2,345.6113","45.567","31.770","60.000"
"469339","2,345.6166","44.233","31.770","60.000"
"469340","2,345.6220","42.417","31.730","60.000"
"469341","2,345.6273","44.183","31.745","60.000"
"469342","2,345.6327","42.750","31.745","60.000"
"469343","2,345.6380","44.600","31.775","60.000"
"469344","2,345.6433","44.367","31.765","60.000"
"469345","2,345.6486","44.183","31.765","60.000"
"469346","2,345.6527","43.600","31.785","60.000"
"469347","2,345.6567","40.617","31.735","60.000"
"469348","2,345.6608","45.767","31.730","60.000"
"469349","2,345.6649","43.717","31.730","60.000"
"469350","2,345.6701","40.550","31.730","60.000"
"469351","2,345.6754","39.067","31.770","60.000"
"469352","2,345.6807","40.550","31.770","60.000"
"469353","2,345.6860","40.933","31.765","60.000"
"469354","2,345.6912","40.667","31.765","60.000"
"469355","2,345.6965","42.300","31.750","60.000"
"469356","2,345.7019","45.183","31.750","60.000"
"469357","2,345.7074","46.733","31.750","60.000"
"469358","2,345.7128","45.833","31.755","60.000"
"469359","2,345.7181","44.283","31.755","60.000"
"469360","2,345.7235","45.400","31.760","60.000"
"469361","2,345.7288","46.317","31.765","60.000"
"469362","2,345.7328","45.750","31.740","60.000"
"469363","2,345.7368","45.767","31.740","60.000"
"469364","2,345.7408","43.600","31.770","60.000"
"469365","2,345.7449","43.900","31.735","60.000"
"469366","2,345.7494","39.117","31.735","60.000"
"469367","2,345.7539","42.867","31.745","60.000"
"469368","2,345.7584","42.800","31.790","60.000"
"469369","2,345.7629","44.617","31.790","60.000"
"469370","2,345.7674","43.917","31.765","60.000"
"469371","2,345.7719","40.067","31.800","60.000"
"469372","2,345.7764","44.233","31.770","60.000"
"469373","2,345.7845","45.783","31.770","60.000"
"469374","2,345.7927","45.667","31.750","60.000"
"469375","2,345.7980","43.683","31.755","60.000"
"469376","2,345.8034","41.933","31.755","60.000"
"469377","2,345.8087","45.117","31.730","60.000"
"469378","2,345.8127","44.767","31.745","60.000"
"469379","2,345.8166","44.733","31.780","60.000"
"469380","2,345.8206","39.150","31.780","60.000"
"469381","2,345.8245","39.733","31.745","60.000"
"469382","2,345.8291","40.350","31.750","60.000"
"469383","2,345.8337","42.400","31.750","60.000"
"469384","2,345.8382","45.400","31.785","60.000"
"469385","2,345.8428","45.117","31.770","60.000"
"469386","2,345.8473","42.600","31.770","60.000"
"469387","2,345.8519","43.717","31.730","60.000"
"469388","2,345.8564","46.767","31.775","60.000"
"469389","2,345.8646","43.517","31.770","60.000"
"469390","2,345.8727","43.117","31.770","60.000"
"469391","2,345.8781","41.400","31.750","60.000"
"469392","2,345.8834","43.150","31.735","60.000"
"469393","2,345.8888","47.017","31.735","60.000"
"469394","2,345.8927","41.833","31.770","60.000"
"469395","2,345.8967","44.667","31.730","60.000"
"469396","2,345.9007","43.783","31.740","60.000"
"469397","2,345.9046","43.400","31.740","60.000"
"469398","2,345.9100","40.450","31.750","60.000"
"469399","2,345.9153","43.450","31.740","60.000"
"469400","2,345.9206","40.300","31.740","60.000"
"469401","2,345.9259","39.317","31.750","60.000"
"469402","2,345.9312","40.833","31.745","60.000"
"469403","2,345.9365","39.800","31.725","60.000"
"469404","2,345.9420","43.683","31.725","60.000"
"469405","2,345.9474","46.233","31.760","60.000"
"469406","2,345.9529","43.983","31.735","60.000"
"469407","2,345.9581","42.400","31.735","60.000"
"469408","2,345.9633","44.500","31.745","60.000"
"469409","2,345.9685","43.433","31.770","60.000"
"469410","2,345.9726","42.700","31.770","60.000"
"469411","2,345.9766","43.333","31.735","60.000"
"469412","2,345.9807","43.833","31.725","60.000"
"469413","2,345.9847","42.800","31.730","60.000"
"469414","2,345.9893","41.300","31.730","60.000"
"469415","2,345.9938","43.083","31.745","60.000"
"469416","2,345.9984","43.283","31.715","60.000"
"469417","2,346.0030","44.867","31.715","60.000"
"469418","2,346.0075","42.767","31.755","60.000"
"469419","2,346.0121","45.217","31.755","60.000"
"469420","2,346.0166","44.100","31.770","60.000"
"469421","2,346.0247","45.267","31.770","60.000"
"469422","2,346.0327","42.650","31.750","60.000"
"469423","2,346.0381","44.017","31.785","60.000"
"469424","2,346.0436","43.583","31.785","60.000"
"469425","2,346.0490","44.333","31.770","60.000"
"469426","2,346.0530","43.117","31.755","60.000"
"469427","2,346.0569","44.233","31.755","60.000"
"469428","2,346.0609","42.650","31.750","60.000"
"469429","2,346.0649","44.500","31.735","60.000"
"469430","2,346.0702","43.383","31.710","60.000"
"469431","2,346.0755","43.533","31.710","60.000"
"469432","2,346.0808","43.867","31.730","60.000"
"469433","2,346.0861","45.483","31.735","60.000"
"469434","2,346.0914","43.600","31.735","60.000"
"469435","2,346.0967","40.083","31.725","60.000"
"469436","2,346.1022","42.000","31.750","60.000"
"469437","2,346.1076","44.217","31.750","60.000"
"469438","2,346.1130","44.183","31.750","60.000"
"469439","2,346.1184","44.183","31.755","60.000"
"469440","2,346.1237","44.617","31.770","60.000"
"469441","2,346.1290","42.550","31.770","60.000"
"469442","2,346.1330","44.650","31.745","60.000"
"469443","2,346.1369","43.017","31.760","60.000"
"469444","2,346.1409","44.917","31.760","60.000"
"469445","2,346.1449","43.583","31.740","60.000"
"469446","2,346.1495","41.783","31.760","60.000"
"469447","2,346.1540","46.117","31.745","60.000"
"469448","2,346.1586","43.583","31.745","60.000"
"469449","2,346.1631","43.567","31.720","60.000"
"469450","2,346.1677","44.167","31.755","60.000"
"469451","2,346.1723","43.117","31.755","60.000"
"469452","2,346.1768","39.500","31.735","60.000"
"469453","2,346.1850","42.083","31.725","60.000"
"469454","2,346.1932","41.633","31.760","60.000"
"469455","2,346.1985","43.533","31.760","60.000"
"469456","2,346.2039","44.067","31.745","60.000"
"469457","2,346.2092","39.500","31.760","60.000"
"469458","2,346.2132","45.400","31.760","60.000"
"469459","2,346.2172","40.567","31.750","60.000"
"469460","2,346.2212","42.150","31.730","60.000"
"469461","2,346.2253","42.933","31.760","60.000"
"469462","2,346.2305","47.083","31.760","60.000"
"469463","2,346.2358","45.917","31.750","60.000"
"469464","2,346.2411","43.567","31.750","60.000"
"469465","2,346.2464","47.500","31.750","60.000"
"469466","2,346.2516","46.100","31.770","60.000"
"469467","2,346.2569","46.017","31.730","60.000"
"469468","2,346.2624","39.900","31.730","60.000"
"469469","2,346.2678","46.917","31.755","60.000"
"469470","2,346.2732","44.567","31.740","60.000"
"469471","2,346.2786","43.383","31.740","60.000"
"469472","2,346.2839","41.933","31.740","60.000"
"469473","2,346.2893","46.233","31.765","60.000"
"469474","2,346.2932","46.283","31.755","60.000"
"469475","2,346.2972","48.300","31.755","60.000"
"469476","2,346.3012","41.533","31.750","60.000"
"469477","2,346.3052","44.333","31.735","60.000"
"469478","2,346.3097","41.433","31.755","60.000"
"469479","2,346.3143","42.150","31.755","60.000"
"469480","2,346.3188","40.567","31.765","60.000"
"469481","2,346.3234","37.100","31.770","60.000"
"469482","2,346.3279","39.250","31.770","60.000"
"469483","2,346.3325","37.350","31.755","60.000"
"469484","2,346.3370","41.383","31.765","60.000"
"469485","2,346.3452","40.083","31.765","60.000"
"469486","2,346.3534","44.917","31.740","60.000"
"469487","2,346.3586","44.233","31.745","60.000"
"469488","2,346.3639","47.800","31.760","60.000"
"469489","2,346.3692","45.767","31.760","60.000"
"469490","2,346.3732","45.150","31.775","60.000"
"469491","2,346.3772","46.183","31.775","60.000"
"469492","2,346.3812","41.950","31.775","60.000"
"469493","2,346.3852","46.500","31.770","60.000"
"469494","2,346.3905","43.450","31.730","60.000"
"469495","2,346.3958","43.417","31.755","60.000"
"469496","2,346.4012","44.967","31.755","60.000"
"469497","2,346.4065","43.333","31.740","60.000"
"469498","2,346.4118","45.933","31.765","60.000"
"469499","2,346.4171","42.767","31.765","60.000"
"469500","2,346.4225","45.167","31.755","60.000"
"469501","2,346.4278","45.467","31.730","60.000"
"469502","2,346.4331","44.600","31.735","60.000"
"469503","2,346.4386","41.250","31.735","60.000"
"469504","2,346.4440","44.367","31.740","60.000"
"469505","2,346.4494","43.150","31.755","60.000"
"469506","2,346.4533","47.183","31.755","60.000"
"469507","2,346.4573","43.883","31.765","60.000"
"469508","2,346.4612","40.583","31.720","60.000"
"469509","2,346.4652","38.167","31.720","60.000"
"469510","2,346.4705","42.717","31.760","60.000"
"469511","2,346.4759","47.850","31.755","60.000"
"469512","2,346.4812","46.533","31.775","60.000"
"469513","2,346.4865","44.433","31.775","60.000"
"469514","2,346.4919","42.083","31.760","60.000"
"469515","2,346.4972","44.383","31.745","60.000"
"469516","2,346.5027","40.133","31.745","60.000"
"469517","2,346.5081","43.517","31.770","60.000"
"469518","2,346.5136","47.200","31.745","60.000"
"469519","2,346.5189","45.000","31.750","60.000"
"469520","2,346.5242","44.500","31.750","60.000"
"469521","2,346.5296","43.750","31.760","60.000"
"469522","2,346.5336","44.683","31.750","60.000"
"469523","2,346.5376","42.067","31.750","60.000"
"469524","2,346.5416","43.717","31.755","60.000"
"469525","2,346.5456","42.117","31.715","60.000"
"469526","2,346.5501","42.650","31.715","60.000"
"469527","2,346.5547","43.517","31.750","60.000"
"469528","2,346.5592","41.667","31.770","60.000"
"469529","2,346.5637","43.000","31.730","60.000"
"469530","2,346.5683","41.000","31.730","60.000"
"469531","2,346.5728","41.100","31.760","60.000"
"469532","2,346.5773","42.583","31.770","60.000"
"469533","2,346.5855","43.433","31.770","60.000"
"469534","2,346.5936","44.433","31.785","60.000"
"469535","2,346.5990","46.250","31.735","60.000"
"469536","2,346.6043","43.567","31.750","60.000"
"469537","2,346.6096","40.433","31.750","60.000"
"469538","2,346.6136","42.683","31.760","60.000"
"469539","2,346.6176","43.600","31.730","60.000"
"469540","2,346.6216","42.567","31.730","60.000"
"469541","2,346.6255","42.233","31.745","60.000"
"469542","2,346.6301","44.483","31.745","60.000"
"469543","2,346.6346","46.400","31.750","60.000"
"469544","2,346.6392","45.550","31.750","60.000"
"469545","2,346.6438","38.767","31.745","60.000"
"469546","2,346.6483","42.167","31.765","60.000"
"469547","2,346.6529","39.250","31.765","60.000"
"469548","2,346.6574","45.567","31.745","60.000"
"469549","2,346.6656","47.717","31.700","60.000"
"469550","2,346.6738","44.933","31.700","60.000"
"469551","2,346.6790","46.283","31.705","60.000"
"469552","2,346.6843","40.683","31.740","60.000"
"469553","2,346.6896","43.850","31.710","60.000"
"469554","2,346.6936","39.417","31.710","60.000"
"469555","2,346.6976","44.367","31.750","60.000"
"469556","2,346.7016","42.200","31.715","60.000"
"469557","2,346.7056","44.667","31.715","60.000"
"469558","2,346.7102","44.350","31.775","60.000"
"469559","2,346.7147","42.667","31.780","60.000"
"469560","2,346.7193","42.633","31.730","60.000"
"469561","2,346.7238","42.883","31.730","60.000"
"469562","2,346.7284","44.500","31.745","60.000"
"469563","2,346.7330","42.050","31.740","60.000"
"469564","2,346.7375","44.817","31.740","60.000"
"469565","2,346.7457","42.967","31.770","60.000"
"469566","2,346.7538","43.250","31.760","60.000"
"469567","2,346.7591","41.333","31.760","60.000"
"469568","2,346.7644","43.500","31.775","60.000"
"469569","2,346.7697","45.583","31.730","60.000"
"469570","2,346.7737","42.217","31.750","60.000"
"469571","2,346.7777","42.467","31.750","60.000"
"469572","2,346.7817","37.617","31.710","60.000"
"469573","2,346.7857","38.967","31.715","60.000"
"469574","2,346.7903","41.100","31.715","60.000"
"469575","2,346.7949","41.550","31.730","60.000"
"469576","2,346.7994","43.017","31.770","60.000"
"469577","2,346.8040","43.133","31.780","60.000"
"469578","2,346.8085","41.533","31.780","60.000"
"469579","2,346.8131","40.933","31.715","60.000"
"469580","2,346.8177","39.700","31.710","60.000"
"469581","2,346.8258","38.333","31.710","60.000"
"469582","2,346.8339","40.550","31.725","60.000"
"469583","2,346.8393","40.733","31.760","60.000"
"469584","2,346.8446","43.083","31.765","60.000"
"469585","2,346.8500","45.333","31.765","60.000"
"469586","2,346.8540","44.133","31.720","60.000"
"469587","2,346.8580","40.450","31.730","60.000"
"469588","2,346.8620","44.050","31.730","60.000"
"469589","2,346.8660","42.267","31.755","60.000"
"469590","2,346.8713","46.083","31.715","60.000"
"469591","2,346.8766","45.133","31.715","60.000"
"469592","2,346.8819","43.917","31.740","60.000"
"469593","2,346.8872","42.383","31.760","60.000"
"469594","2,346.8925","41.000","31.760","60.000"
"469595","2,346.8978","45.483","31.760","60.000"
"469596","2,346.9032","43.967","31.735","60.000"
"469597","2,346.9086","46.017","31.770","60.000"
"469598","2,346.9141","42.933","31.770","60.000"
"469599","2,346.9194","40.967","31.715","60.000"
"469600","2,346.9248","44.800","31.750","60.000"
"469601","2,346.9301","44.400","31.715","60.000"
"469602","2,346.9341","44.400","31.715","60.000"
"469603","2,346.9381","43.850","31.730","60.000"
"469604","2,346.9420","46.850","31.740","60.000"
"469605","2,346.9460","44.100","31.740","60.000"
"469606","2,346.9513","43.817","31.740","60.000"
"469607","2,346.9566","41.767","31.750","60.000"
"469608","2,346.9619","42.017","31.750","60.000"
"469609","2,346.9672","38.800","31.735","60.000"
"469610","2,346.9725","43.483","31.730","60.000"
"469611","2,346.9778","41.783","31.750","60.000"
"469612","2,346.9833","44.967","31.750","60.000"
"469613","2,346.9887","43.967","31.730","60.000"
"469614","2,346.9942","42.667","31.750","60.000"
"469615","2,346.9995","44.467","31.750","60.000"
"469616","2,347.0049","42.917","31.750","60.000"
"469617","2,347.0102","43.450","31.740","60.000"
"469618","2,347.0142","43.917","31.725","60.000"
"469619","2,347.0181","45.633","31.725","60.000"
"469620","2,347.0221","43.417","31.735","60.000"
"469621","2,347.0261","39.967","31.735","60.000"
"469622","2,347.0306","40.733","31.735","60.000"
"469623","2,347.0352","43.700","31.750","60.000"
"469624","2,347.0397","42.283","31.735","60.000"
"469625","2,347.0443","41.983","31.710","60.000"
"469626","2,347.0488","44.200","31.710","60.000"
"469627","2,347.0534","45.550","31.730","60.000"
"469628","2,347.0579","43.283","31.710","60.000"
"469629","2,347.0661","44.167","31.710","60.000"
"469630","2,347.0742","42.283","31.715","60.000"
"469631","2,347.0795","43.883","31.775","60.000"
"469632","2,347.0849","43.667","31.775","60.000"
"469633","2,347.0903","45.933","31.735","60.000"
"469634","2,347.0943","44.200","31.745","60.000"
"469635","2,347.0982","45.300","31.730","60.000"
"469636","2,347.1022","45.600","31.730","60.000"
"469637","2,347.1062","44.883","31.685","60.000"
"469638","2,347.1107","42.483","31.735","60.000"
"469639","2,347.1153","43.400","31.735","60.000"
"469640","2,347.1198","43.433","31.730","60.000"
"469641","2,347.1244","41.650","31.700","60.000"
"469642","2,347.1289","42.700","31.755","60.000"
"469643","2,347.1334","39.167","31.755","60.000"
"469644","2,347.1380","43.883","31.775","60.000"
"469645","2,347.1461","45.717","31.750","60.000"
"469646","2,347.1542","43.417","31.750","60.000"
"469647","2,347.1595","41.750","31.740","60.000"
"469648","2,347.1649","39.650","31.730","60.000"
"469649","2,347.1702","41.650","31.730","60.000"
"469650","2,347.1755","42.133","31.730","60.000"
"469651","2,347.1809","45.767","31.765","60.000"
"469652","2,347.1862","44.683","31.770","60.000"
"469653","2,347.1908","42.283","31.770","60.000"
"469654","2,347.1953","44.117","31.710","60.000"
"469655","2,347.1999","41.683","31.755","60.000"
"469656","2,347.2045","45.183","31.755","60.000"
"469657","2,347.2090","40.983","31.730","60.000"
"469658","2,347.2136","41.067","31.730","60.000"
"469659","2,347.2181","41.533","31.745","60.000"
"469660","2,347.2236","43.533","31.745","60.000"
"469661","2,347.2290","44.883","31.730","60.000"
"469662","2,347.2345","41.767","31.710","60.000"
"469663","2,347.2398","42.950","31.710","60.000"
"469664","2,347.2452","47.133","31.750","60.000"
"469665","2,347.2505","43.817","31.695","60.000"
"469666","2,347.2545","40.717","31.710","60.000"
"469667","2,347.2585","47.483","31.710","60.000"
"469668","2,347.2625","44.817","31.750","60.000"
"469669","2,347.2665","44.117","31.770","60.000"
"469670","2,347.2710","39.417","31.770","60.000"
"469671","2,347.2756","42.350","31.715","60.000"
"469672","2,347.2801","42.650","31.745","60.000"
"469673","2,347.2846","43.483","31.745","60.000"
"469674","2,347.2892","41.367","31.730","60.000"
"469675","2,347.2937","43.067","31.745","60.000"
"469676","2,347.2983","45.983","31.710","60.000"
"469677","2,347.3064","44.367","31.710","60.000"
"469678","2,347.3146","43.333","31.725","60.000"
"469679","2,347.3199","46.250","31.690","60.000"
"469680","2,347.3253","42.850","31.690","60.000"
"469681","2,347.3306","44.050","31.735","60.000"
"469682","2,347.3346","43.433","31.725","60.000"
"469683","2,347.3386","45.483","31.765","60.000"
"469684","2,347.3426","40.100","31.765","60.000"
"469685","2,347.3466","41.567","31.750","60.000"
"469686","2,347.3519","43.317","31.730","60.000"
"469687","2,347.3572","43.400","31.730","60.000"
"469688","2,347.3625","43.450","31.750","60.000"
"469689","2,347.3678","44.333","31.720","60.000"
"469690","2,347.3731","41.517","31.720","60.000"
"469691","2,347.3783","43.783","31.740","60.000"
"469692","2,347.3838","42.967","31.725","60.000"
"469693","2,347.3892","44.883","31.735","60.000"
"469694","2,347.3947","43.717","31.735","60.000"
"469695","2,347.4000","44.617","31.730","60.000"
"469696","2,347.4054","43.783","31.690","60.000"
"469697","2,347.4107","42.950","31.690","60.000"
"469698","2,347.4147","45.333","31.750","60.000"
"469699","2,347.4186","43.267","31.725","60.000"
"469700","2,347.4226","46.750","31.720","60.000"
"469701","2,347.4266","44.850","31.720","60.000"
"469702","2,347.4312","43.617","31.730","60.000"
"469703","2,347.4357","42.917","31.710","60.000"
"469704","2,347.4403","43.000","31.710","60.000"
"469705","2,347.4448","46.183","31.695","60.000"
"469706","2,347.4494","44.450","31.750","60.000"
"469707","2,347.4539","45.083","31.750","60.000"
"469708","2,347.4585","43.100","31.750","60.000"
"469709","2,347.4667","44.367","31.700","60.000"
"469710","2,347.4748","39.517","31.755","60.000"
"469711","2,347.4802","40.867","31.755","60.000"
"469712","2,347.4855","44.167","31.735","60.000"
"469713","2,347.4909","42.600","31.750","60.000"
"469714","2,347.4948","43.750","31.750","60.000"
"469715","2,347.4988","41.383","31.750","60.000"
"469716","2,347.5028","40.533","31.735","60.000"
"469717","2,347.5067","41.250","31.720","60.000"
"469718","2,347.5120","37.483","31.720","60.000"
"469719","2,347.5173","41.367","31.710","60.000"
"469720","2,347.5226","42.833","31.750","60.000"
"469721","2,347.5279","41.817","31.750","60.000"
"469722","2,347.5332","43.550","31.715","60.000"
"469723","2,347.5386","44.333","31.715","60.000"
"469724","2,347.5440","42.200","31.750","60.000"
"469725","2,347.5494","41.100","31.750","60.000"
"469726","2,347.5549","41.417","31.700","60.000"
"469727","2,347.5602","40.917","31.730","60.000"
"469728","2,347.5655","43.183","31.730","60.000"
"469729","2,347.5709","44.133","31.730","60.000"
"469730","2,347.5762","39.983","31.775","60.000"
"469731","2,347.5815","37.900","31.775","60.000"
"469732","2,347.5868","43.467","31.705","60.000"
"469733","2,347.5913","42.817","31.715","60.000"
"469734","2,347.5959","39.883","31.720","60.000"
"469735","2,347.6004","40.067","31.720","60.000"
"469736","2,347.6050","42.833","31.750","60.000"
"469737","2,347.6095","42.417","31.715","60.000"
"469738","2,347.6141","42.667","31.715","60.000"
"469739","2,347.6186","41.417","31.710","60.000"
"469740","2,347.6241","36.633","31.750","60.000"
"469741","2,347.6295","39.683","31.760","60.000"
"469742","2,347.6350","40.917","31.760","60.000"
"469743","2,347.6403","43.400","31.740","60.000"
"469744","2,347.6456","46.450","31.760","60.000"
"469745","2,347.6510","40.050","31.760","60.000"
"469746","2,347.6563","46.833","31.730","60.000"
"469747","2,347.6617","44.217","31.730","60.000"
"469748","2,347.6670","44.850","31.715","60.000"
"469749","2,347.6716","43.083","31.715","60.000"
"469750","2,347.6761","43.917","31.750","60.000"
"469751","2,347.6807","43.617","31.750","60.000"
"469752","2,347.6852","45.917","31.750","60.000"
"469753","2,347.6897","45.217","31.735","60.000"
"469754","2,347.6943","40.033","31.745","60.000"
"469755","2,347.6988","40.600","31.745","60.000"
"469756","2,347.7042","42.667","31.725","60.000"
"469757","2,347.7097","44.617","31.710","60.000"
"469758","2,347.7151","41.800","31.750","60.000"
"469759","2,347.7204","45.933","31.750","60.000"
"469760","2,347.7258","40.150","31.740","60.000"
"469761","2,347.7311","43.983","31.735","60.000"
"469762","2,347.7364","45.050","31.735","60.000"
"469763","2,347.7417","44.033","31.740","60.000"
"469764","2,347.7470","42.283","31.735","60.000"
"469765","2,347.7516","41.633","31.740","60.000"
"469766","2,347.7561","41.817","31.740","60.000"
"469767","2,347.7607","45.967","31.750","60.000"
"469768","2,347.7652","44.383","31.725","60.000"
"469769","2,347.7698","44.850","31.725","60.000"
"469770","2,347.7743","47.717","31.745","60.000"
"469771","2,347.7789","43.317","31.740","60.000"
"469772","2,347.7843","46.817","31.740","60.000"
"469773","2,347.7898","45.350","31.770","60.000"
"469774","2,347.7952","44.533","31.690","60.000"
"469775","2,347.8005","44.483","31.750","60.000"
"469776","2,347.8059","43.183","31.750","60.000"
"469777","2,347.8112","47.117","31.710","60.000"
"469778","2,347.8152","42.617","31.740","60.000"
"469779","2,347.8191","43.050","31.740","60.000"
"469780","2,347.8230","40.167","31.750","60.000"
"469781","2,347.8269","42.550","31.715","60.000"
"469782","2,347.8322","43.800","31.730","60.000"
"469783","2,347.8376","43.100","31.730","60.000"
"469784","2,347.8429","42.483","31.730","60.000"
"469785","2,347.8483","44.683","31.730","60.000"
"469786","2,347.8536","45.517","31.730","60.000"
"469787","2,347.8590","42.083","31.750","60.000"
"469788","2,347.8644","43.850","31.740","60.000"
"469789","2,347.8698","45.133","31.740","60.000"
"469790","2,347.8752","42.317","31.720","60.000"
"469791","2,347.8806","41.533","31.710","60.000"
"469792","2,347.8860","41.233","31.740","60.000"
"469793","2,347.8913","45.850","31.740","60.000"
"469794","2,347.8966","40.517","31.755","60.000"
"469795","2,347.9019","44.617","31.750","60.000"
"469796","2,347.9071","44.533","31.750","60.000"
"469797","2,347.9124","42.733","31.730","60.000"
"469798","2,347.9177","39.333","31.700","60.000"
"469799","2,347.9230","44.483","31.750","60.000"
"469800","2,347.9283","45.450","31.750","60.000"
"469801","2,347.9335","42.167","31.705","60.000"
"469802","2,347.9388","41.950","31.730","60.000"
"469803","2,347.9441","41.683","31.730","60.000"
"469804","2,347.9494","42.333","31.730","60.000"
"469805","2,347.9534","39.033","31.720","60.000"
"469806","2,347.9574","40.933","31.710","60.000"
"469807","2,347.9614","43.267","31.710","60.000"
"469808","2,347.9654","43.183","31.730","60.000"
"469809","2,347.9707","41.233","31.715","60.000"
"469810","2,347.9761","41.183","31.715","60.000"
"469811","2,347.9814","42.350","31.730","60.000"
"469812","2,347.9860","41.883","31.730","60.000"
"469813","2,347.9905","41.000","31.730","60.000"
"469814","2,347.9950","42.067","31.730","60.000"
"469815","2,347.9996","40.617","31.730","60.000"
"469816","2,348.0041","41.700","31.680","60.000"
"469817","2,348.0086","42.667","31.680","60.000"
"469818","2,348.0132","44.900","31.705","60.000"
"469819","2,348.0186","42.900","31.730","60.000"
"469820","2,348.0240","45.200","31.730","60.000"
"469821","2,348.0295","45.850","31.730","60.000"
"469822","2,348.0348","41.450","31.710","60.000"
"469823","2,348.0402","45.317","31.730","60.000"
"469824","2,348.0455","45.883","31.730","60.000"
"469825","2,348.0508","44.300","31.725","60.000"
"469826","2,348.0561","43.067","31.700","60.000"
"469827","2,348.0614","45.233","31.700","60.000"
"469828","2,348.0667","43.983","31.710","60.000"
"469829","2,348.0719","42.633","31.730","60.000"
"469830","2,348.0771","41.750","31.730","60.000"
"469831","2,348.0824","40.100","31.735","60.000"
"469832","2,348.0876","41.050","31.685","60.000"
"469833","2,348.0928","43.517","31.740","60.000"
"469834","2,348.0981","47.517","31.740","60.000"
"469835","2,348.1033","44.300","31.735","60.000"
"469836","2,348.1074","44.750","31.740","60.000"
"469837","2,348.1115","45.950","31.740","60.000"
"469838","2,348.1157","45.900","31.725","60.000"
"469839","2,348.1198","44.817","31.750","60.000"
"469840","2,348.1251","40.450","31.735","60.000"
"469841","2,348.1305","41.933","31.735","60.000"
"469842","2,348.1358","41.333","31.735","60.000"
"469843","2,348.1403","46.050","31.725","60.000"
"469844","2,348.1448","43.833","31.725","60.000"
"469845","2,348.1493","40.950","31.735","60.000"
"469846","2,348.1539","43.133","31.715","60.000"
"469847","2,348.1584","43.617","31.755","60.000"
"469848","2,348.1629","43.400","31.755","60.000"
"469849","2,348.1674","44.883","31.730","60.000"
"469850","2,348.1729","44.100","31.720","60.000"
"469851","2,348.1784","42.733","31.720","60.000"
"469852","2,348.1838","36.283","31.710","60.000"
"469853","2,348.1892","40.633","31.710","60.000"
"469854","2,348.1945","38.533","31.710","60.000"
"469855","2,348.1999","43.717","31.725","60.000"
"469856","2,348.2052","44.100","31.740","60.000"
"469857","2,348.2106","47.350","31.710","60.000"
"469858","2,348.2159","46.100","31.710","60.000"
"469859","2,348.2204","45.833","31.730","60.000"
"469860","2,348.2249","42.883","31.720","60.000"
"469861","2,348.2294","41.283","31.720","60.000"
"469862","2,348.2339","40.933","31.720","60.000"
"469863","2,348.2385","41.700","31.715","60.000"
"469864","2,348.2430","42.700","31.690","60.000"
"469865","2,348.2475","44.583","31.690","60.000"
"469866","2,348.2530","48.117","31.745","60.000"
"469867","2,348.2585","43.600","31.715","60.000"
"469868","2,348.2639","45.767","31.715","60.000"
"469869","2,348.2693","41.583","31.745","60.000"
"469870","2,348.2746","40.867","31.720","60.000"
"469871","2,348.2800","41.883","31.720","60.000"
"469872","2,348.2852","44.650","31.730","60.000"
"469873","2,348.2905","42.183","31.730","60.000"
"469874","2,348.2958","43.967","31.710","60.000"
"469875","2,348.3003","44.267","31.710","60.000"
"469876","2,348.3049","43.850","31.705","60.000"
"469877","2,348.3094","44.233","31.720","60.000"
"469878","2,348.3140","44.267","31.720","60.000"
"469879","2,348.3185","42.583","31.720","60.000"
"469880","2,348.3230","44.800","31.745","60.000"
"469881","2,348.3276","43.800","31.720","60.000"
"469882","2,348.3329","44.450","31.720","60.000"
"469883","2,348.3383","45.950","31.720","60.000"
"469884","2,348.3436","45.900","31.700","60.000"
"469885","2,348.3491","41.850","31.700","60.000"
"469886","2,348.3545","43.867","31.730","60.000"
"469887","2,348.3599","43.417","31.715","60.000"
"469888","2,348.3652","41.667","31.725","60.000"
"469889","2,348.3705","41.633","31.725","60.000"
"469890","2,348.3758","42.050","31.725","60.000"
"469891","2,348.3804","43.267","31.735","60.000"
"469892","2,348.3849","39.467","31.735","60.000"
"469893","2,348.3895","37.767","31.710","60.000"
"469894","2,348.3940","39.767","31.750","60.000"
"469895","2,348.3986","40.583","31.750","60.000"
"469896","2,348.4031","41.633","31.720","60.000"
"469897","2,348.4077","45.650","31.735","60.000"
"469898","2,348.4131","43.500","31.710","60.000"
"469899","2,348.4186","39.217","31.710","60.000"
"469900","2,348.4241","45.533","31.740","60.000"
"469901","2,348.4293","39.850","31.740","60.000"
"469902","2,348.4346","44.517","31.740","60.000"
"469903","2,348.4398","44.317","31.720","60.000"
"469904","2,348.4452","44.500","31.700","60.000"
"469905","2,348.4506","41.383","31.755","60.000"
"469906","2,348.4560","44.967","31.755","60.000"
"469907","2,348.4605","42.317","31.695","60.000"
"469908","2,348.4651","45.133","31.720","60.000"
"469909","2,348.4696","45.217","31.720","60.000"
"469910","2,348.4741","44.833","31.695","60.000"
"469911","2,348.4787","42.167","31.705","60.000"
"469912","2,348.4832","43.600","31.705","60.000"
"469913","2,348.4878","41.417","31.730","60.000"
"469914","2,348.4932","40.083","31.720","60.000"
"469915","2,348.4986","43.217","31.730","60.000"
"469916","2,348.5040","43.433","31.730","60.000"
"469917","2,348.5094","44.467","31.690","60.000"
"469918","2,348.5148","45.667","31.740","60.000"
"469919","2,348.5203","44.850","31.740","60.000"
"469920","2,348.5256","43.650","31.735","60.000"
"469921","2,348.5309","46.467","31.670","60.000"
"469922","2,348.5362","42.700","31.695","60.000"
"469923","2,348.5408","43.483","31.695","60.000"
"469924","2,348.5453","46.200","31.710","60.000"
"469925","2,348.5498","40.483","31.715","60.000"
"469926","2,348.5543","46.050","31.715","60.000"
"469927","2,348.5588","40.833","31.710","60.000"
"469928","2,348.5634","44.833","31.730","60.000"
"469929","2,348.5679","43.900","31.710","60.000"
"469930","2,348.5734","46.150","31.710","60.000"
"469931","2,348.5788","44.033","31.745","60.000"
"469932","2,348.5843","42.550","31.705","60.000"
"469933","2,348.5897","43.033","31.705","60.000"
"469934","2,348.5950","45.717","31.680","60.000"
"469935","2,348.6003","43.567","31.730","60.000"
"469936","2,348.6057","45.017","31.730","60.000"
"469937","2,348.6110","39.817","31.725","60.000"
"469938","2,348.6164","44.933","31.735","60.000"
"469939","2,348.6209","39.167","31.730","60.000"
"469940","2,348.6254","41.833","31.730","60.000"
"469941","2,348.6299","44.983","31.745","60.000"
"469942","2,348.6344","43.400","31.710","60.000"
"469943","2,348.6390","41.100","31.710","60.000"
"469944","2,348.6435","42.433","31.730","60.000"
"469945","2,348.6480","39.750","31.730","60.000"
"469946","2,348.6535","41.917","31.725","60.000"
"469947","2,348.6590","40.917","31.725","60.000"
"469948","2,348.6644","42.467","31.750","60.000"
"469949","2,348.6698","44.200","31.710","60.000"
"469950","2,348.6751","42.633","31.710","60.000"
"469951","2,348.6805","43.650","31.695","60.000"
"469952","2,348.6858","43.933","31.715","60.000"
"469953","2,348.6910","41.000","31.715","60.000"
"469954","2,348.6963","44.517","31.735","60.000"
"469955","2,348.7009","42.900","31.720","60.000"
"469956","2,348.7054","41.867","31.710","60.000"
"469957","2,348.7100","44.117","31.710","60.000"
"469958","2,348.7145","40.100","31.660","60.000"
"469959","2,348.7191","43.833","31.690","60.000"
"469960","2,348.7236","42.633","31.690","60.000"
"469961","2,348.7281","42.350","31.740","60.000"
"469962","2,348.7336","42.150","31.685","60.000"
"469963","2,348.7391","43.417","31.735","60.000"
"469964","2,348.7446","42.917","31.735","60.000"
"469965","2,348.7499","43.333","31.695","60.000"
"469966","2,348.7551","40.083","31.730","60.000"
"469967","2,348.7604","43.883","31.730","60.000"
"469968","2,348.7658","41.783","31.710","60.000"
"469969","2,348.7711","44.667","31.685","60.000"
"469970","2,348.7765","44.067","31.690","60.000"
"469971","2,348.7810","42.350","31.690","60.000"
"469972","2,348.7855","39.983","31.695","60.000"
"469973","2,348.7901","43.983","31.715","60.000"
"469974","2,348.7946","44.783","31.715","60.000"
"469975","2,348.7991","47.250","31.730","60.000"
"469976","2,348.8037","42.167","31.670","60.000"
"469977","2,348.8082","41.683","31.670","60.000"
"469978","2,348.8137","43.333","31.720","60.000"
"469979","2,348.8192","44.917","31.700","60.000"
"469980","2,348.8246","44.500","31.700","60.000"
"469981","2,348.8299","40.433","31.700","60.000"
"469982","2,348.8351","42.700","31.690","60.000"
"469983","2,348.8404","41.483","31.730","60.000"
"469984","2,348.8457","44.700","31.730","60.000"
"469985","2,348.8511","41.917","31.710","60.000"
"469986","2,348.8565","44.300","31.715","60.000"
"469987","2,348.8610","41.367","31.700","60.000"
"469988","2,348.8656","42.117","31.700","60.000"
"469989","2,348.8701","41.883","31.680","60.000"
"469990","2,348.8747","44.250","31.685","60.000"
"469991","2,348.8792","43.217","31.685","60.000"
"469992","2,348.8838","44.050","31.700","60.000"
"469993","2,348.8883","42.267","31.700","60.000"
"469994","2,348.8938","44.367","31.700","60.000"
"469995","2,348.8993","44.917","31.695","60.000"
"469996","2,348.9048","42.017","31.710","60.000"
"469997","2,348.9101","42.150","31.685","60.000"
"469998","2,348.9155","45.200","31.685","60.000"
"469999","2,348.9208","44.400","31.730","60.000"
"470000","2,348.9262","45.433","31.665","60.000"
"470001","2,348.9315","43.567","31.665","60.000"
"470002","2,348.9368","43.400","31.710","60.000"
"470003","2,348.9414","41.950","31.730","60.000"
"470004","2,348.9459","42.450","31.715","60.000"
"470005","2,348.9504","42.917","31.715","60.000"
"470006","2,348.9549","40.950","31.705","60.000"
"470007","2,348.9594","42.750","31.730","60.000"
"470008","2,348.9639","47.767","31.730","60.000"
"470009","2,348.9685","39.917","31.720","60.000"
"470010","2,348.9739","42.717","31.725","60.000"
"470011","2,348.9794","41.483","31.725","60.000"
"470012","2,348.9849","44.033","31.720","60.000"
"470013","2,348.9902","42.683","31.700","60.000"
"470014","2,348.9956","42.717","31.750","60.000"
"470015","2,349.0009","41.350","31.750","60.000"
"470016","2,349.0061","41.900","31.730","60.000"
"470017","2,349.0113","39.367","31.750","60.000"
"470018","2,349.0164","43.317","31.750","60.000"
"470019","2,349.0210","43.650","31.710","60.000"
"470020","2,349.0256","41.267","31.710","60.000"
"470021","2,349.0302","43.883","31.720","60.000"
"470022","2,349.0348","50.433","31.720","60.000"
"470023","2,349.0394","44.783","31.690","60.000"
"470024","2,349.0440","45.350","31.715","60.000"
"470025","2,349.0486","40.217","31.715","60.000"
"470026","2,349.0539","44.683","31.725","60.000"
"470027","2,349.0592","43.600","31.700","60.000"
"470028","2,349.0646","43.400","31.710","60.000"
"470029","2,349.0701","42.283","31.710","60.000"
"470030","2,349.0755","42.933","31.755","60.000"
"470031","2,349.0810","45.233","31.725","60.000"
"470032","2,349.0863","42.883","31.725","60.000"
"470033","2,349.0915","45.000","31.715","60.000"
"470034","2,349.0968","41.583","31.720","60.000"
"470035","2,349.1014","42.933","31.720","60.000"
"470036","2,349.1059","45.567","31.725","60.000"
"470037","2,349.1105","44.117","31.730","60.000"
"470038","2,349.1150","45.833","31.725","60.000"
"470039","2,349.1196","45.250","31.725","60.000"
"470040","2,349.1241","43.367","31.750","60.000"
"470041","2,349.1287","43.667","31.695","60.000"
"470042","2,349.1342","45.767","31.695","60.000"
"470043","2,349.1396","43.017","31.670","60.000"
"470044","2,349.1451","43.917","31.720","60.000"
"470045","2,349.1504","42.767","31.725","60.000"
"470046","2,349.1558","45.067","31.725","60.000"
"470047","2,349.1611","45.267","31.690","60.000"
"470048","2,349.1664","42.500","31.690","60.000"
"470049","2,349.1717","45.933","31.690","60.000"
"470050","2,349.1770","45.050","31.735","60.000"
"470051","2,349.1815","46.217","31.695","60.000"
"470052","2,349.1861","44.583","31.695","60.000"
"470053","2,349.1906","46.100","31.665","60.000"
"470054","2,349.1951","40.667","31.735","60.000"
"470055","2,349.1997","45.500","31.705","60.000"
"470056","2,349.2042","42.250","31.705","60.000"
"470057","2,349.2088","40.767","31.710","60.000"
"470058","2,349.2142","42.233","31.725","60.000"
"470059","2,349.2197","42.183","31.725","60.000"
"470060","2,349.2252","41.483","31.745","60.000"
"470061","2,349.2304","42.583","31.740","60.000"
"470062","2,349.2357","39.750","31.710","60.000"
"470063","2,349.2409","42.000","31.710","60.000"
"470064","2,349.2463","41.817","31.730","60.000"
"470065","2,349.2517","44.583","31.670","60.000"
"470066","2,349.2571","45.417","31.670","60.000"
"470067","2,349.2616","47.283","31.690","60.000"
"470068","2,349.2662","45.417","31.730","60.000"
"470069","2,349.2707","43.133","31.680","60.000"
"470070","2,349.2752","41.517","31.680","60.000"
"470071","2,349.2798","42.333","31.710","60.000"
"470072","2,349.2843","42.950","31.720","60.000"
"470073","2,349.2888","44.267","31.720","60.000"
"470074","2,349.2943","42.550","31.690","60.000"
"470075","2,349.2998","42.750","31.710","60.000"
"470076","2,349.3053","42.367","31.710","60.000"
"470077","2,349.3107","43.600","31.725","60.000"
"470078","2,349.3160","44.567","31.730","60.000"
"470079","2,349.3213","42.783","31.710","60.000"
"470080","2,349.3267","43.217","31.710","60.000"
"470081","2,349.3320","45.117","31.695","60.000"
"470082","2,349.3373","42.433","31.720","60.000"
"470083","2,349.3419","44.467","31.720","60.000"
"470084","2,349.3464","41.433","31.695","60.000"
"470085","2,349.3509","39.600","31.720","60.000"
"470086","2,349.3554","40.417","31.710","60.000"
"470087","2,349.3599","40.617","31.710","60.000"
"470088","2,349.3644","42.283","31.715","60.000"
"470089","2,349.3690","43.033","31.670","60.000"
"470090","2,349.3744","43.083","31.670","60.000"
"470091","2,349.3799","45.583","31.690","60.000"
"470092","2,349.3854","43.550","31.710","60.000"
"470093","2,349.3907","45.033","31.710","60.000"
"470094","2,349.3961","42.000","31.680","60.000"
"470095","2,349.4014","46.483","31.685","60.000"
"470096","2,349.4068","45.600","31.735","60.000"
"470097","2,349.4121","43.867","31.735","60.000"
"470098","2,349.4175","41.900","31.720","60.000"
"470099","2,349.4220","44.000","31.710","60.000"
"470100","2,349.4265","41.567","31.710","60.000"
"470101","2,349.4310","39.933","31.660","60.000"
"470102","2,349.4355","42.733","31.680","60.000"
"470103","2,349.4400","39.500","31.715","60.000"
"470104","2,349.4445","42.950","31.715","60.000"
"470105","2,349.4490","41.417","31.700","60.000"
"470106","2,349.4545","44.633","31.690","60.000"
"470107","2,349.4600","46.033","31.690","60.000"
"470108","2,349.4655","44.783","31.715","60.000"
"470109","2,349.4708","41.117","31.715","60.000"
"470110","2,349.4762","42.017","31.705","60.000"
"470111","2,349.4815","47.117","31.705","60.000"
"470112","2,349.4868","43.067","31.710","60.000"
"470113","2,349.4921","44.700","31.695","60.000"
"470114","2,349.4974","46.150","31.695","60.000"
"470115","2,349.5019","43.217","31.725","60.000"
"470116","2,349.5065","45.467","31.680","60.000"
"470117","2,349.5110","45.250","31.680","60.000"
"470118","2,349.5155","47.300","31.725","60.000"
"470119","2,349.5201","41.250","31.730","60.000"
"470120","2,349.5246","40.600","31.690","60.000"
"470121","2,349.5291","41.733","31.690","60.000"
"470122","2,349.5346","40.500","31.745","60.000"
"470123","2,349.5401","41.533","31.740","60.000"
"470124","2,349.5456","42.833","31.740","60.000"
"470125","2,349.5509","43.817","31.695","60.000"
"470126","2,349.5563","44.350","31.695","60.000"
"470127","2,349.5616","44.500","31.700","60.000"
"470128","2,349.5669","45.000","31.700","60.000"
"470129","2,349.5722","44.383","31.690","60.000"
"470130","2,349.5775","44.150","31.735","60.000"
"470131","2,349.5820","42.200","31.735","60.000"
"470132","2,349.5866","41.200","31.715","60.000"
"470133","2,349.5911","41.633","31.715","60.000"
"470134","2,349.5956","42.083","31.715","60.000"
"470135","2,349.6002","41.317","31.715","60.000"
"470136","2,349.6047","41.950","31.675","60.000"
"470137","2,349.6093","41.433","31.705","60.000"
"470138","2,349.6148","41.383","31.705","60.000"
"470139","2,349.6202","44.750","31.695","60.000"
"470140","2,349.6257","46.267","31.730","60.000"
"470141","2,349.6310","42.600","31.730","60.000"
"470142","2,349.6363","42.700","31.700","60.000"
"470143","2,349.6415","42.517","31.750","60.000"
"470144","2,349.6469","41.017","31.735","60.000"
"470145","2,349.6522","44.117","31.735","60.000"
"470146","2,349.6576","41.700","31.670","60.000"
"470147","2,349.6621","42.050","31.705","60.000"
"470148","2,349.6666","42.617","31.705","60.000"
"470149","2,349.6712","41.617","31.700","60.000"
"470150","2,349.6757","42.533","31.720","60.000"
"470151","2,349.6803","44.733","31.690","60.000"
"470152","2,349.6848","42.833","31.690","60.000"
"470153","2,349.6893","44.300","31.710","60.000"
"470154","2,349.6948","42.267","31.710","60.000"
"470155","2,349.7002","44.950","31.710","60.000"
"470156","2,349.7056","43.300","31.720","60.000"
"470157","2,349.7109","43.767","31.720","60.000"
"470158","2,349.7163","43.850","31.720","60.000"
"470159","2,349.7216","42.033","31.690","60.000"
"470160","2,349.7270","44.333","31.730","60.000"
"470161","2,349.7324","37.917","31.735","60.000"
"470162","2,349.7378","43.433","31.735","60.000"
"470163","2,349.7424","41.750","31.705","60.000"
"470164","2,349.7469","44.517","31.710","60.000"
"470165","2,349.7514","45.000","31.710","60.000"
"470166","2,349.7559","46.867","31.730","60.000"
"470167","2,349.7605","44.267","31.710","60.000"
"470168","2,349.7650","40.467","31.710","60.000"
"470169","2,349.7695","42.967","31.710","60.000"
"470170","2,349.7750","42.050","31.700","60.000"
"470171","2,349.7804","42.150","31.670","60.000"
"470172","2,349.7859","40.650","31.670","60.000"
"470173","2,349.7913","45.983","31.730","60.000"
"470174","2,349.7966","41.300","31.720","60.000"
"470175","2,349.8019","46.900","31.720","60.000"
"470176","2,349.8072","46.817","31.730","60.000"
"470177","2,349.8125","43.717","31.695","60.000"
"470178","2,349.8178","43.650","31.730","60.000"
"470179","2,349.8224","38.183","31.730","60.000"
"470180","2,349.8269","42.783","31.720","60.000"
"470181","2,349.8314","41.267","31.700","60.000"
"470182","2,349.8360","47.717","31.700","60.000"
"470183","2,349.8405","44.300","31.715","60.000"
"470184","2,349.8451","45.967","31.710","60.000"
"470185","2,349.8496","42.567","31.680","60.000"
"470186","2,349.8551","46.233","31.680","60.000"
"470187","2,349.8605","41.883","31.695","60.000"
"470188","2,349.8660","42.033","31.680","60.000"
"470189","2,349.8713","41.867","31.680","60.000"
"470190","2,349.8767","43.517","31.745","60.000"
"470191","2,349.8820","45.517","31.690","60.000"
"470192","2,349.8873","42.200","31.690","60.000"
"470193","2,349.8926","38.967","31.690","60.000"
"470194","2,349.8979","44.000","31.705","60.000"
"470195","2,349.9024","43.167","31.690","60.000"
"470196","2,349.9070","44.583","31.690","60.000"
"470197","2,349.9115","42.467","31.730","60.000"
"470198","2,349.9161","41.267","31.690","60.000"
"470199","2,349.9206","42.533","31.690","60.000"
"470200","2,349.9252","44.367","31.700","60.000"
"470201","2,349.9297","42.617","31.700","60.000"
"470202","2,349.9352","40.250","31.710","60.000"
"470203","2,349.9406","42.767","31.710","60.000"
"470204","2,349.9460","40.700","31.740","60.000"
"470205","2,349.9514","40.717","31.670","60.000"
"470206","2,349.9568","41.517","31.670","60.000"
"470207","2,349.9622","41.467","31.680","60.000"
"470208","2,349.9675","40.267","31.695","60.000"
"470209","2,349.9728","45.683","31.695","60.000"
"470210","2,349.9781","41.583","31.695","60.000"
"470211","2,349.9826","42.567","31.685","60.000"
"470212","2,349.9872","44.367","31.710","60.000"
"470213","2,349.9917","43.983","31.710","60.000"
"470214","2,349.9962","45.383","31.695","60.000"
"470215","2,350.0008","41.917","31.715","60.000"
"470216","2,350.0053","41.700","31.715","60.000"
"470217","2,350.0098","43.017","31.715","60.000"
"470218","2,350.0153","41.450","31.715","60.000"
"470219","2,350.0208","43.683","31.690","60.000"
"470220","2,350.0263","41.017","31.690","60.000"
"470221","2,350.0316","44.883","31.690","60.000"
"470222","2,350.0369","39.683","31.670","60.000"
"470223","2,350.0422","40.700","31.670","60.000"
"470224","2,350.0475","43.417","31.710","60.000"
"470225","2,350.0528","43.850","31.720","60.000"
"470226","2,350.0581","46.900","31.700","60.000"
"470227","2,350.0627","41.983","31.700","60.000"
"470228","2,350.0672","45.900","31.705","60.000"
"470229","2,350.0718","43.233","31.690","60.000"
"470230","2,350.0763","42.583","31.690","60.000"
"470231","2,350.0809","41.233","31.700","60.000"
"470232","2,350.0854","42.267","31.695","60.000"
"470233","2,350.0900","40.083","31.695","60.000"
"470234","2,350.0955","43.450","31.745","60.000"
"470235","2,350.1009","44.400","31.670","60.000"
"470236","2,350.1064","46.533","31.685","60.000"
"470237","2,350.1118","40.317","31.685","60.000"
"470238","2,350.1171","41.800","31.710","60.000"
"470239","2,350.1224","45.250","31.700","60.000"
"470240","2,350.1278","43.133","31.700","60.000"
"470241","2,350.1331","45.283","31.720","60.000"
"470242","2,350.1385","43.767","31.680","60.000"
"470243","2,350.1430","42.117","31.690","60.000"
"470244","2,350.1475","41.600","31.690","60.000"
"470245","2,350.1521","43.933","31.710","60.000"
"470246","2,350.1566","43.617","31.705","60.000"
"470247","2,350.1611","45.250","31.705","60.000"
"470248","2,350.1656","44.133","31.695","60.000"
"470249","2,350.1701","44.917","31.690","60.000"
"470250","2,350.1756","42.500","31.700","60.000"
"470251","2,350.1811","42.333","31.700","60.000"
"470252","2,350.1865","40.883","31.690","60.000"
"470253","2,350.1919","42.417","31.670","60.000"
"470254","2,350.1972","43.750","31.670","60.000"
"470255","2,350.2025","45.950","31.690","60.000"
"470256","2,350.2078","43.200","31.650","60.000"
"470257","2,350.2131","40.400","31.650","60.000"
"470258","2,350.2184","39.983","31.675","60.000"
"470259","2,350.2230","43.283","31.710","60.000"
"470260","2,350.2275","43.833","31.685","60.000"
"470261","2,350.2320","43.800","31.685","60.000"
"470262","2,350.2366","47.567","31.715","60.000"
"470263","2,350.2411","48.400","31.670","60.000"
"470264","2,350.2456","45.500","31.670","60.000"
"470265","2,350.2502","47.617","31.700","60.000"
"470266","2,350.2557","43.917","31.690","60.000"
"470267","2,350.2611","44.200","31.710","60.000"
"470268","2,350.2666","45.933","31.710","60.000"
"470269","2,350.2718","46.317","31.690","60.000"
"470270","2,350.2770","43.450","31.695","60.000"
"470271","2,350.2822","46.517","31.695","60.000"
"470272","2,350.2876","45.033","31.710","60.000"
"470273","2,350.2930","42.317","31.710","60.000"
"470274","2,350.2984","44.317","31.710","60.000"
"470275","2,350.3030","45.467","31.700","60.000"
"470276","2,350.3075","45.217","31.725","60.000"
"470277","2,350.3120","43.683","31.710","60.000"
"470278","2,350.3166","43.300","31.710","60.000"
"470279","2,350.3211","45.317","31.720","60.000"
"470280","2,350.3257","42.617","31.700","60.000"
"470281","2,350.3302","39.567","31.700","60.000"
"470282","2,350.3357","41.200","31.710","60.000"
"470283","2,350.3411","40.350","31.700","60.000"
"470284","2,350.3465","43.683","31.725","60.000"
"470285","2,350.3519","44.067","31.725","60.000"
"470286","2,350.3573","46.833","31.675","60.000"
"470287","2,350.3627","45.300","31.715","60.000"
"470288","2,350.3680","42.100","31.715","60.000"
"470289","2,350.3733","41.750","31.730","60.000"
"470290","2,350.3786","42.883","31.690","60.000"
"470291","2,350.3831","44.383","31.725","60.000"
"470292","2,350.3877","41.850","31.725","60.000"
"470293","2,350.3922","39.717","31.680","60.000"
"470294","2,350.3968","43.467","31.690","60.000"
"470295","2,350.4013","46.317","31.690","60.000"
"470296","2,350.4058","44.983","31.695","60.000"
"470297","2,350.4104","43.583","31.675","60.000"
"470298","2,350.4158","47.033","31.675","60.000"
"470299","2,350.4213","46.417","31.690","60.000"
"470300","2,350.4268","45.950","31.675","60.000"
"470301","2,350.4321","41.300","31.725","60.000"
"470302","2,350.4374","43.933","31.725","60.000"
"470303","2,350.4427","42.900","31.710","60.000"
"470304","2,350.4480","46.467","31.675","60.000"
"470305","2,350.4534","44.483","31.675","60.000"
"470306","2,350.4587","39.917","31.710","60.000"
"470307","2,350.4633","42.133","31.685","60.000"
"470308","2,350.4678","41.433","31.700","60.000"
"470309","2,350.4723","39.800","31.700","60.000"
"470310","2,350.4769","40.100","31.730","60.000"
"470311","2,350.4814","43.367","31.685","60.000"
"470312","2,350.4860","43.467","31.685","60.000"
"470313","2,350.4905","43.750","31.705","60.000"
"470314","2,350.4960","46.233","31.705","60.000"
"470315","2,350.5015","44.150","31.705","60.000"
"470316","2,350.5070","41.833","31.670","60.000"
"470317","2,350.5123","43.933","31.730","60.000"
"470318","2,350.5176","43.533","31.705","60.000"
"470319","2,350.5230","44.800","31.705","60.000"
"470320","2,350.5283","41.400","31.705","60.000"
"470321","2,350.5336","46.667","31.705","60.000"
"470322","2,350.5389","40.000","31.705","60.000"
